{
  "timestamp": "2025-08-05T10:08:41.194393",
  "total_scenarios": 55,
  "passed": 40,
  "failed": 15,
  "success_rate": 0.7272727272727273,
  "avg_response_time": 1.3372229307125776,
  "response_times": [
    1.388948917388916,
    1.645707130432129,
    1.3713321685791016,
    1.5837061405181885,
    1.3885269165039062,
    1.4689748287200928,
    1.3846580982208252,
    1.376075029373169,
    1.4300470352172852,
    1.3772680759429932,
    1.3848521709442139,
    1.3633248805999756,
    1.3709430694580078,
    1.4221391677856445,
    1.4405901432037354,
    1.3708529472351074,
    1.3806421756744385,
    1.3716318607330322,
    1.393873691558838,
    1.4740521907806396,
    1.574652910232544,
    1.4080531597137451,
    1.7895348072052002,
    1.4082469940185547,
    1.3765778541564941,
    1.3993771076202393,
    1.3798189163208008,
    1.3867168426513672,
    1.376889944076538,
    1.3971340656280518,
    1.3867521286010742,
    1.4624640941619873,
    1.400846004486084,
    1.656040906906128,
    1.382951259613037,
    1.4011907577514648,
    1.379465103149414,
    1.3784620761871338,
    1.3950059413909912,
    1.6812851428985596,
    1.396744728088379,
    1.3688111305236816,
    1.5018341541290283,
    1.374743938446045,
    1.3862509727478027,
    1.4258182048797607,
    1.3890581130981445,
    1.4966399669647217,
    1.3842418193817139,
    1.3890018463134766,
    1.373661994934082,
    1.3830070495605469,
    1.4518296718597412,
    1.4806289672851562,
    1.421402931213379,
    1.5819740295410156,
    1.3911328315734863,
    1.382369041442871,
    1.6188299655914307,
    1.3803489208221436,
    1.3862431049346924,
    1.3864729404449463,
    1.3844420909881592,
    1.4137940406799316,
    1.4542720317840576,
    1.5009820461273193,
    1.3948290348052979,
    1.423335075378418,
    1.3980989456176758,
    1.41615891456604,
    1.4368038177490234,
    1.3825149536132812,
    1.3844799995422363,
    1.4209508895874023,
    1.5296680927276611,
    1.377526044845581,
    1.6765670776367188,
    1.4291577339172363,
    1.402235984802246,
    1.382707118988037,
    1.391202688217163,
    1.391662836074829,
    1.3845298290252686,
    1.3938360214233398,
    1.3768560886383057,
    1.3909270763397217,
    1.3834590911865234,
    1.3920466899871826,
    1.4614059925079346,
    1.3787598609924316,
    1.3906428813934326,
    1.4526116847991943,
    1.3894991874694824,
    1.3938441276550293,
    1.4155442714691162,
    1.5840208530426025,
    1.3884410858154297,
    1.3898589611053467,
    1.3892500400543213,
    1.4705541133880615,
    1.417809247970581,
    1.3918538093566895,
    1.4142398834228516,
    1.4194340705871582,
    1.433049201965332,
    1.4564259052276611,
    1.3745028972625732,
    1.3700149059295654,
    1.3790810108184814,
    1.3779017925262451,
    1.502681016921997,
    1.4534327983856201,
    1.4079720973968506,
    1.4341859817504883,
    1.3931388854980469,
    1.4322378635406494,
    1.4081919193267822,
    1.4384891986846924,
    1.4089672565460205,
    1.409311056137085,
    1.4241938591003418,
    1.3837611675262451,
    1.400629997253418,
    1.4191579818725586,
    1.393892765045166,
    1.3681819438934326,
    1.402237892150879,
    1.3825809955596924,
    1.4823551177978516,
    1.4036190509796143,
    1.3764188289642334,
    1.3845751285552979,
    1.410398006439209,
    1.3902192115783691,
    1.5822410583496094,
    1.383289098739624,
    1.4658668041229248,
    1.5867369174957275,
    1.3848772048950195,
    1.4564168453216553,
    1.4757821559906006,
    1.4768519401550293,
    1.4806201457977295,
    1.5902600288391113,
    1.379167079925537,
    1.3849411010742188,
    1.5570290088653564,
    1.380591869354248,
    1.4671032428741455,
    1.4030239582061768,
    1.4456350803375244,
    1.4134681224822998,
    1.3841559886932373,
    1.3722970485687256,
    1.4363479614257812,
    1.3857731819152832,
    1.5617201328277588,
    1.479651689529419,
    1.3915822505950928,
    1.384263038635254,
    1.368192195892334,
    1.3953211307525635,
    1.3981609344482422,
    1.3815507888793945,
    1.3806989192962646,
    1.3980159759521484,
    1.3823151588439941,
    1.381392002105713,
    1.4236018657684326,
    1.4181609153747559,
    1.3810818195343018,
    1.3737812042236328,
    1.3884930610656738,
    1.449510097503662,
    1.4683210849761963,
    1.465703010559082,
    1.3858981132507324,
    1.4772207736968994,
    1.5824551582336426,
    1.3836870193481445,
    0.2581939697265625,
    0.2071528434753418,
    0.20190000534057617,
    0.3958451747894287,
    0.2012779712677002,
    0.4265141487121582,
    0.20004892349243164,
    0.20280098915100098,
    0.19321966171264648,
    0.5098960399627686,
    0.44385576248168945,
    0.21166586875915527,
    0.20086097717285156,
    0.19099092483520508,
    0.19771504402160645
  ],
  "fail_reasons": {
    "Twilio WhatsApp API error": 15
  },
  "results": [
    {
      "id": "new_it_001",
      "type": "new",
      "lang": "it",
      "pass": true,
      "fail_reason": null,
      "fail_loop": false
    },
    {
      "id": "new_it_002",
      "type": "new",
      "lang": "it",
      "pass": true,
      "fail_reason": null,
      "fail_loop": false
    },
    {
      "id": "new_it_003",
      "type": "new",
      "lang": "it",
      "pass": true,
      "fail_reason": null,
      "fail_loop": false
    },
    {
      "id": "new_it_004",
      "type": "new",
      "lang": "it",
      "pass": true,
      "fail_reason": null,
      "fail_loop": false
    },
    {
      "id": "new_it_005",
      "type": "new",
      "lang": "it",
      "pass": true,
      "fail_reason": null,
      "fail_loop": false
    },
    {
      "id": "new_it_006",
      "type": "new",
      "lang": "it",
      "pass": true,
      "fail_reason": null,
      "fail_loop": false
    },
    {
      "id": "new_it_007",
      "type": "new",
      "lang": "it",
      "pass": true,
      "fail_reason": null,
      "fail_loop": false
    },
    {
      "id": "new_it_008",
      "type": "new",
      "lang": "it",
      "pass": true,
      "fail_reason": null,
      "fail_loop": false
    },
    {
      "id": "new_it_009",
      "type": "new",
      "lang": "it",
      "pass": true,
      "fail_reason": null,
      "fail_loop": false
    },
    {
      "id": "new_it_010",
      "type": "new",
      "lang": "it",
      "pass": true,
      "fail_reason": null,
      "fail_loop": false
    },
    {
      "id": "new_en_001",
      "type": "new",
      "lang": "en",
      "pass": true,
      "fail_reason": null,
      "fail_loop": false
    },
    {
      "id": "new_en_002",
      "type": "new",
      "lang": "en",
      "pass": true,
      "fail_reason": null,
      "fail_loop": false
    },
    {
      "id": "new_en_003",
      "type": "new",
      "lang": "en",
      "pass": true,
      "fail_reason": null,
      "fail_loop": false
    },
    {
      "id": "new_en_004",
      "type": "new",
      "lang": "en",
      "pass": true,
      "fail_reason": null,
      "fail_loop": false
    },
    {
      "id": "new_en_005",
      "type": "new",
      "lang": "en",
      "pass": true,
      "fail_reason": null,
      "fail_loop": false
    },
    {
      "id": "new_fr_001",
      "type": "new",
      "lang": "fr",
      "pass": true,
      "fail_reason": null,
      "fail_loop": false
    },
    {
      "id": "new_fr_002",
      "type": "new",
      "lang": "fr",
      "pass": true,
      "fail_reason": null,
      "fail_loop": false
    },
    {
      "id": "new_fr_003",
      "type": "new",
      "lang": "fr",
      "pass": true,
      "fail_reason": null,
      "fail_loop": false
    },
    {
      "id": "new_fr_004",
      "type": "new",
      "lang": "fr",
      "pass": true,
      "fail_reason": null,
      "fail_loop": false
    },
    {
      "id": "new_fr_005",
      "type": "new",
      "lang": "fr",
      "pass": true,
      "fail_reason": null,