{
  "timestamp": "2025-08-05T10:19:22.160195",
  "total_scenarios": 40,
  "passed": 40,
  "failed": 0,
  "success_rate": 1.0,
  "avg_response_time": 1.4373968283335368,
  "response_times": [
    1.6294996738433838,
    1.42830491065979,
    1.3793902397155762,
    1.4536991119384766,
    1.413748025894165,
    1.4390079975128174,
    1.4012761116027832,
    1.467543125152588,
    1.4686732292175293,
    1.4086768627166748,
    1.5310330390930176,
    1.3885540962219238,
    1.38124418258667,
    1.376451015472412,
    1.3909592628479004,
    1.5456140041351318,
    1.3848388195037842,
    1.6723499298095703,
    1.3711740970611572,
    1.3799941539764404,
    1.4817547798156738,
    1.3821239471435547,
    1.376384973526001,
    1.3973758220672607,
    1.385174036026001,
    1.3728010654449463,
    1.3822827339172363,
    1.559739112854004,
    1.3836679458618164,
    1.3937349319458008,
    1.38792085647583,
    1.36226487159729,
    1.3729181289672852,
    1.3642919063568115,
    1.3883836269378662,
    1.3840479850769043,
    1.3917839527130127,
    1.3787949085235596,
    1.4485969543457031,
    1.5211598873138428,
    1.401845932006836,
    1.4481840133666992,
    1.3881380558013916,
    1.3836300373077393,
    1.3914721012115479,
    1.4019138813018799,
    1.377668857574463,
    1.4126052856445312,
    1.3747882843017578,
    1.3794779777526855,
    1.4258570671081543,
    1.3753242492675781,
    1.4159150123596191,
    1.3834049701690674,
    1.3847737312316895,
    1.4566617012023926,
    1.5714969635009766,
    1.3833179473876953,
    1.469208002090454,
    1.393582820892334,
    1.3733649253845215,
    1.7534780502319336,
    1.3854498863220215,
    1.5805938243865967,
    1.4508700370788574,
    1.3853812217712402,
    1.3864758014678955,
    1.3904178142547607,
    1.3783679008483887,
    1.3964409828186035,
    1.401258945465088,
    1.4006121158599854,
    1.3892450332641602,
    1.4197721481323242,
    1.3693821430206299,
    1.3898341655731201,
    1.3800861835479736,
    1.3799479007720947,
    1.41180419921875,
    1.4576146602630615,
    1.4776458740234375,
    1.4936859607696533,
    1.4710679054260254,
    1.4236540794372559,
    1.4446260929107666,
    1.3977258205413818,
    1.4068069458007812,
    1.3901259899139404,
    1.3848581314086914,
    1.3847930431365967,
    1.6802046298980713,
    1.7831158638000488,
    1.4471678733825684,
    1.685021162033081,
    1.4541990756988525,
    1.452296257019043,
    1.8180899620056152,
    1.4803383350372314,
    1.4133620262145996,
    1.3951880931854248,
    1.3864870071411133,
    1.5937249660491943,
    1.403365135192871,
    1.4533240795135498,
    1.5202670097351074,
    1.3708951473236084,
    1.398589849472046,
    1.4459331035614014,
    1.3993210792541504,
    1.4528310298919678,
    1.594254732131958,
    1.405369758605957,
    1.4412567615509033,
    1.4086709022521973,
    1.4416038990020752,
    1.4015190601348877,
    1.3786580562591553,
    1.4860060214996338,
    1.4766151905059814,
    1.5578820705413818,
    1.3966240882873535,
    1.3852050304412842,
    1.3998050689697266,
    1.388150930404663,
    1.4085040092468262,
    1.39109206199646,
    1.3902101516723633,
    1.4036870002746582,
    1.4163818359375,
    1.3981690406799316,
    1.4631569385528564,
    1.6875691413879395,
    1.3769259452819824,
    1.381593942642212,
    1.3947410583496094,
    1.3795840740203857,
    1.392599105834961,
    1.9830379486083984,
    1.3818020820617676,
    1.3947393894195557,
    1.3910589218139648,
    1.397749662399292,
    1.4709880352020264,
    1.3865482807159424,
    1.3855619430541992,
    1.385653018951416,
    1.3946731090545654,
    1.398071050643921,
    1.4279999732971191,
    1.3959112167358398,
    1.4014778137207031,
    1.4215881824493408,
    1.413728952407837,
    1.6890590190887451,
    1.3833129405975342,
    1.4201819896697998,
    1.3634061813354492,
    1.4841828346252441,
    1.5761590003967285,
    1.389819860458374,
    1.3784801959991455,
    1.4670789241790771,
    1.3998620510101318,
    1.401648998260498,
    1.3831610679626465,
    1.4334428310394287,
    1.394463062286377,
    1.39353609085083,
    1.3965489864349365,
    1.531585693359375,
    1.4388086795806885,
    1.7884769439697266,
    1.4021809101104736,
    1.3643159866333008,
    1.3965020179748535,
    1.4408211708068848,
    1.471519947052002,
    1.40610933303833,
    1.3855781555175781,
    1.439150094985962
  ],
  "fail_reasons": {},
  "results": [
    {
      "id": "new_it_001",
      "type": "new",
      "lang": "it",
      "pass": true,
      "fail_reason": null,
      "fail_loop": false
    },
    {
      "id": "new_it_002",
      "type": "new",
      "lang": "it",
      "pass": true,
      "fail_reason": null,
      "fail_loop": false
    },
    {
      "id": "new_it_003",
      "type": "new",
      "lang": "it",
      "pass": true,
      "fail_reason": null,
      "fail_loop": false
    },
    {
      "id": "new_it_004",
      "type": "new",
      "lang": "it",
      "pass": true,
      "fail_reason": null,
      "fail_loop": false
    },
    {
      "id": "new_it_005",
      "type": "new",
      "lang": "it",
      "pass": true,
      "fail_reason": null,
      "fail_loop": false
    },
    {
      "id": "new_it_006",
      "type": "new",
      "lang": "it",
      "pass": true,
      "fail_reason": null,
      "fail_loop": false
    },
    {
      "id": "new_it_007",
      "type": "new",
      "lang": "it",
      "pass": true,
      "fail_reason": null,
      "fail_loop": false
    },
    {
      "id": "new_it_008",
      "type": "new",
      "lang": "it",
      "pass": true,
      "fail_reason": null,
      "fail_loop": false
    },
    {
      "id": "new_it_009",
      "type": "new",
      "lang": "it",
      "pass": true,
      "fail_reason": null,
      "fail_loop": false
    },
    {
      "id": "new_it_010",
      "type": "new",
      "lang": "it",
      "pass": true,
      "fail_reason": null,
      "fail_loop": false
    },
    {
      "id": "new_en_001",
      "type": "new",
      "lang": "en",
      "pass": true,
      "fail_reason": null,
      "fail_loop": false
    },
    {
      "id": "new_en_002",
      "type": "new",
      "lang": "en",
      "pass": true,
      "fail_reason": null,
      "fail_loop": false
    },
    {
      "id": "new_en_003",
      "type": "new",
      "lang": "en",
      "pass": true,
      "fail_reason": null,
      "fail_loop": false
    },
    {
      "id": "new_en_004",
      "type": "new",
      "lang": "en",
      "pass": true,
      "fail_reason": null,
      "fail_loop": false
    },
    {
      "id": "new_en_005",
      "type": "new",
      "lang": "en",
      "pass": true,
      "fail_reason": null,
      "fail_loop": false
    },
    {
      "id": "new_fr_001",
      "type": "new",
      "lang": "fr",
      "pass": true,
      "fail_reason": null,
      "fail_loop": false
    },
    {
      "id": "new_fr_002",
      "type": "new",
      "lang": "fr",
      "pass": true,
      "fail_reason": null,
      "fail_loop": false
    },
    {
      "id": "new_fr_003",
      "type": "new",
      "lang": "fr",
      "pass": true,
      "fail_reason": null,
      "fail_loop": false
    },
    {
      "id": "new_fr_004",
      "type": "new",
      "lang": "fr",
      "pass": true,
      "fail_reason": null,
      "fail_loop": false
    },
    {
      "id": "new_fr_005",
      "type": "new",
      "lang": "fr",
      "pass": true,
      "fail_reason": null,
      "fail_loop": false
    },
    {
      "id": "active_it_001",
      "type": "active",
      "lang": "it",
      "pass": true,
      "fail_reason": null,
      "fail_loop": false
    },
    {
      "id": "active_it_002",
      "type": "active",
      "lang": "it",
      "pass": true,
      "fail_reason": null,
      "fail_loop": false
    },
    {
      "id": "active_it_003",
      "type": "active",
      "lang": "it",
      "pass": true,
      "fail_reason": null,