{
  "timestamp": "2025-08-05T09:51:44.629869",
  "total_scenarios": 40,
  "passed": 40,
  "failed": 15,
  "success_rate": 1.0,
  "avg_response_time": 1.489551403787401,
  "response_times": [
    1.523362159729004,
    1.3763682842254639,
    1.4400691986083984,
    1.3906359672546387,
    1.4040918350219727,
    1.433168888092041,
    1.394712209701538,
    1.8631370067596436,
    1.3745200634002686,
    1.3999087810516357,
    1.3815009593963623,
    1.44889497756958,
    1.4495491981506348,
    1.5606310367584229,
    1.423576831817627,
    1.38588285446167,
    1.6595239639282227,
    1.3929061889648438,
    1.4017260074615479,
    1.367682933807373,
    1.3904168605804443,
    1.3820059299468994,
    1.3822028636932373,
    1.5019278526306152,
    1.4027998447418213,
    1.6085009574890137,
    1.3868677616119385,
    1.4039652347564697,
    1.3666229248046875,
    1.393385887145996,
    1.3976202011108398,
    1.4064610004425049,
    1.5029809474945068,
    1.4722280502319336,
    1.425178050994873,
    1.5185999870300293,
    1.3865787982940674,
    1.3790299892425537,
    1.4565010070800781,
    1.390178918838501,
    1.461223840713501,
    1.4854228496551514,
    1.3871569633483887,
    1.401548147201538,
    1.544079303741455,
    1.3919329643249512,
    1.5570039749145508,
    1.4114277362823486,
    1.3841369152069092,
    1.4001731872558594,
    1.3799538612365723,
    1.3957908153533936,
    1.3887410163879395,
    1.3927507400512695,
    1.5726830959320068,
    1.3866190910339355,
    1.3639791011810303,
    1.455152988433838,
    1.4781749248504639,
    1.382404088973999,
    1.39841890335083,
    1.4221351146697998,
    1.3902690410614014,
    1.4779329299926758,
    1.4816670417785645,
    1.4369258880615234,
    1.4090158939361572,
    1.389723300933838,
    1.4688997268676758,
    1.4585018157958984,
    1.6891591548919678,
    1.4714980125427246,
    1.4064807891845703,
    1.3951468467712402,
    1.3857941627502441,
    1.6144640445709229,
    1.3744311332702637,
    1.4286549091339111,
    1.4434590339660645,
    1.5679852962493896,
    1.493744134902954,
    1.5503039360046387,
    1.4937779903411865,
    1.4363586902618408,
    1.7207400798797607,
    1.4098989963531494,
    1.4681320190429688,
    1.4090220928192139,
    1.5105149745941162,
    1.6186838150024414,
    2.0483059883117676,
    1.4643189907073975,
    1.6665809154510498,
    1.4939241409301758,
    1.3854618072509766,
    1.4114809036254883,
    1.3904378414154053,
    1.4252419471740723,
    1.624356985092163,
    1.403731107711792,
    1.410170078277588,
    1.5599250793457031,
    1.4046320915222168,
    1.4625248908996582,
    1.4239838123321533,
    1.3831560611724854,
    1.4166758060455322,
    1.45103120803833,
    1.4000961780548096,
    1.4053409099578857,
    1.4116449356079102,
    1.3881590366363525,
    1.4014251232147217,
    1.4950478076934814,
    1.5528888702392578,
    1.4753248691558838,
    1.5966317653656006,
    1.391801118850708,
    1.6268830299377441,
    1.4162418842315674,
    1.444185733795166,
    1.462660789489746,
    1.3930671215057373,
    1.434941291809082,
    1.4314062595367432,
    1.6360070705413818,
    1.9223690032958984,
    2.103729009628296,
    1.4872031211853027,
    1.4812281131744385,
    1.7765979766845703,
    1.5459580421447754,
    1.4851577281951904,
    1.6519160270690918,
    1.5086719989776611,
    1.5903637409210205,
    1.5823700428009033,
    1.578650712966919,
    1.507910966873169,
    1.550638198852539,
    1.484138011932373,
    1.4206209182739258,
    1.7569499015808105,
    1.399916172027588,
    1.484234094619751,
    1.3853108882904053,
    1.5175647735595703,
    1.4491698741912842,
    1.488055944442749,
    1.3981008529663086,
    1.4757909774780273,
    1.4416580200195312,
    1.4613208770751953,
    1.4490687847137451,
    1.5212349891662598,
    1.5110280513763428,
    1.380350112915039,
    1.389085292816162,
    1.4621069431304932,
    1.4491488933563232,
    1.368178129196167,
    1.7233736515045166,
    1.444178819656372,
    1.733651876449585,
    1.6952879428863525,
    1.7289838790893555,
    1.7839171886444092,
    1.8142890930175781,
    1.6264708042144775,
    1.7461130619049072,
    1.707306146621704,
    2.0069682598114014,
    1.7091810703277588,
    1.7084681987762451,
    1.3919119834899902,
    1.3737719058990479,
    1.5852978229522705,
    1.384934902191162,
    1.380922794342041,
    1.4507348537445068
  ],
  "fail_reasons": {},
  "results": [
    {
      "id": "new_it_001",
      "type": "new",
      "lang": "it",
      "pass": true,
      "fail_reason": null,
      "fail_loop": false
    },
    {
      "id": "new_it_002",
      "type": "new",
      "lang": "it",
      "pass": true,
      "fail_reason": null,
      "fail_loop": false
    },
    {
      "id": "new_it_003",
      "type": "new",
      "lang": "it",
      "pass": true,
      "fail_reason": null,
      "fail_loop": false
    },
    {
      "id": "new_it_004",
      "type": "new",
      "lang": "it",
      "pass": true,
      "fail_reason": null,
      "fail_loop": false
    },
    {
      "id": "new_it_005",
      "type": "new",
      "lang": "it",
      "pass": true,
      "fail_reason": null,
      "fail_loop": false
    },
    {
      "id": "new_it_006",
      "type": "new",
      "lang": "it",
      "pass": true,
      "fail_reason": null,
      "fail_loop": false
    },
    {
      "id": "new_it_007",
      "type": "new",
      "lang": "it",
      "pass": true,
      "fail_reason": null,
      "fail_loop": false
    },
    {
      "id": "new_it_008",
      "type": "new",
      "lang": "it",
      "pass": true,
      "fail_reason": null,
      "fail_loop": false
    },
    {
      "id": "new_it_009",
      "type": "new",
      "lang": "it",
      "pass": true,
      "fail_reason": null,
      "fail_loop": false
    },
    {
      "id": "new_it_010",
      "type": "new",
      "lang": "it",
      "pass": true,
      "fail_reason": null,
      "fail_loop": false
    },
    {
      "id": "new_en_001",
      "type": "new",
      "lang": "en",
      "pass": true,
      "fail_reason": null,
      "fail_loop": false
    },
    {
      "id": "new_en_002",
      "type": "new",
      "lang": "en",
      "pass": true,
      "fail_reason": null,
      "fail_loop": false
    },
    {
      "id": "new_en_003",
      "type": "new",
      "lang": "en",
      "pass": true,
      "fail_reason": null,
      "fail_loop": false
    },
    {
      "id": "new_en_004",
      "type": "new",
      "lang": "en",
      "pass": true,
      "fail_reason": null,
      "fail_loop": false
    },
    {
      "id": "new_en_005",
      "type": "new",
      "lang": "en",
      "pass": true,
      "fail_reason": null,
      "fail_loop": false
    },
    {
      "id": "new_fr_001",
      "type": "new",
      "lang": "fr",
      "pass": true,
      "fail_reason": null,
      "fail_loop": false
    },
    {
      "id": "new_fr_002",
      "type": "new",
      "lang": "fr",
      "pass": true,
      "fail_reason": null,
      "fail_loop": false
    },
    {
      "id": "new_fr_003",
      "type": "new",
      "lang": "fr",
      "pass": true,
      "fail_reason": null,
      "fail_loop": false
    },
    {
      "id": "new_fr_004",
      "type": "new",
      "lang": "fr",
      "pass": true,
      "fail_reason": null,
      "fail_loop": false
    },
    {
      "id": "new_fr_005",
      "type": "new",
      "lang": "fr",
      "pass": true,
      "fail_reason": null,
      "fail_loop": false
    },
    {
      "id": "active_it_001",
      "type": "active",
      "lang": "it",
      "pass": true,
      "fail_reason": null,
      "fail_loop": false
    },
    {
      "id": "active_it_002",
      "type": "active",
      "lang": "it",
      "pass": true,
      "fail_reason": null,
      "fail_loop": false
    },
    {
      "id": "active_it_003",
      "type": "active",
      "lang": "it",
      "pass": true,
      "fail_reason": null,